﻿<?xml version="1.0" encoding="utf-8"?><ConnectionSettings xmlns:xsd="http://www.w3.org/2001/XMLSchema" xmlns:xsi="http://www.w3.org/2001/XMLSchema-instance"><User>ucl-02@contoso.com</User><Domain /><UseSSL>true</UseSSL><PasswordRequired>true</PasswordRequired><SendByPort>true</SendByPort><CustomPickupLocation>false</CustomPickupLocation><Server>smtp.office365.com</Server><Port>587</Port><PickupLocation /><MessageTo>user@contoso.com</MessageTo><MessageCC /><MessageBcc /><MessageSubject>test2</MessageSubject><MessageBody>test 2</MessageBody></ConnectionSettings>